"ID","filed","Kingdom","Phylum","Class","Order","Family","Genus","Species","group","Label"
"AK",NA,NA,NA,NA,NA,NA,NA,NA,"env","AK"
"AP",NA,NA,NA,NA,NA,NA,NA,NA,"env","AP"
"bac_ASV_1","bac","Bacteria","Bacteroidetes","Sphingobacteriia","Sphingobacteriales","Chitinophagaceae","Unassigned","Unassigned","bac","bac_ASV_1"
"bac_ASV_10","bac","Bacteria","Proteobacteria","Betaproteobacteria","Burkholderiales","Burkholderiaceae","Ralstonia","Ralstonia_pickettii","bac","bac_ASV_10"
"bac_ASV_101","bac","Bacteria","Acidobacteria","Acidobacteria_Gp2","Unassigned","Unassigned","Gp2","Unassigned","bac","bac_ASV_101"
"bac_ASV_103","bac","Bacteria","Bacteroidetes","Sphingobacteriia","Sphingobacteriales","Chitinophagaceae","Terrimonas","Terrimonas_lutea","bac","bac_ASV_103"
"bac_ASV_105","bac","Bacteria","Unassigned","Unassigned","Unassigned","Unassigned","Unassigned","Unassigned","bac","bac_ASV_105"
"bac_ASV_107","bac","Bacteria","Actinobacteria","Actinobacteria","Gaiellales","Gaiellaceae","Gaiella","Gaiella_occulta","bac","bac_ASV_107"
"bac_ASV_109","bac","Bacteria","Proteobacteria","Betaproteobacteria","Burkholderiales","Unassigned","Unassigned","Unassigned","bac","bac_ASV_109"
"bac_ASV_11","bac","Bacteria","Proteobacteria","Alphaproteobacteria","Rhodospirillales","Rhodospirillaceae","Unassigned","Unassigned","bac","bac_ASV_11"
"bac_ASV_111","bac","Bacteria","Proteobacteria","Alphaproteobacteria","Sphingomonadales","Sphingomonadaceae","Sphingobium","Unassigned","bac","bac_ASV_111"
"bac_ASV_113","bac","Bacteria","Proteobacteria","Betaproteobacteria","Unassigned","Unassigned","Unassigned","Unassigned","bac","bac_ASV_113"
"bac_ASV_114","bac","Bacteria","Proteobacteria","Betaproteobacteria","Nitrosomonadales","Nitrosomonadaceae","Nitrosospira","Unassigned","bac","bac_ASV_114"
"bac_ASV_116","bac","Bacteria","Proteobacteria","Betaproteobacteria","Unassigned","Unassigned","Unassigned","Unassigned","bac","bac_ASV_116"
"bac_ASV_117","bac","Bacteria","Proteobacteria","Gammaproteobacteria","Unassigned","Unassigned","Unassigned","Unassigned","bac","bac_ASV_117"
"bac_ASV_122","bac","Bacteria","Unassigned","Unassigned","Unassigned","Unassigned","Unassigned","Unassigned","bac","bac_ASV_122"
"bac_ASV_123","bac","Bacteria","Bacteroidetes","Sphingobacteriia","Sphingobacteriales","Chitinophagaceae","Flavitalea","Flavitalea_gansuensis","bac","bac_ASV_123"
"bac_ASV_124","bac","Bacteria","Acidobacteria","Acidobacteria_Gp16","Unassigned","Unassigned","Gp16","Unassigned","bac","bac_ASV_124"
"bac_ASV_127","bac","Bacteria","Unassigned","Unassigned","Unassigned","Unassigned","Unassigned","Unassigned","bac","bac_ASV_127"
"bac_ASV_129","bac","Bacteria","Verrucomicrobia","Spartobacteria","Unassigned","Unassigned","Spartobacteria_genera_incertae_sedis","Unassigned","bac","bac_ASV_129"
"bac_ASV_13","bac","Archaea","Thaumarchaeota","Unassigned","Nitrososphaerales","Nitrososphaeraceae","Nitrososphaera","Unassigned","bac","bac_ASV_13"
"bac_ASV_130","bac","Bacteria","Gemmatimonadetes","Gemmatimonadetes","Gemmatimonadales","Gemmatimonadaceae","Gemmatimonas","Gemmatimonas_aurantiaca","bac","bac_ASV_130"
"bac_ASV_131","bac","Bacteria","Proteobacteria","Gammaproteobacteria","Pseudomonadales","Pseudomonadaceae","Pseudomonas","Pseudomonas_corrugata","bac","bac_ASV_131"
"bac_ASV_132","bac","Bacteria","Actinobacteria","Actinobacteria","Gaiellales","Gaiellaceae","Gaiella","Gaiella_occulta","bac","bac_ASV_132"
"bac_ASV_133","bac","Bacteria","Proteobacteria","Betaproteobacteria","Neisseriales","Neisseriaceae","Unassigned","Unassigned","bac","bac_ASV_133"
"bac_ASV_134","bac","Bacteria","candidate_division_WPS-1","Unassigned","Unassigned","Unassigned","WPS-1_genera_incertae_sedis","Unassigned","bac","bac_ASV_134"
"bac_ASV_135","bac","Bacteria","Proteobacteria","Alphaproteobacteria","Rhizobiales","Unassigned","Unassigned","Unassigned","bac","bac_ASV_135"
"bac_ASV_136","bac","Bacteria","Unassigned","Unassigned","Unassigned","Unassigned","Unassigned","Unassigned","bac","bac_ASV_136"
"bac_ASV_138","bac","Bacteria","Proteobacteria","Alphaproteobacteria","Sphingomonadales","Sphingomonadaceae","Unassigned","Unassigned","bac","bac_ASV_138"
"bac_ASV_141","bac","Bacteria","Proteobacteria","Betaproteobacteria","Unassigned","Unassigned","Unassigned","Unassigned","bac","bac_ASV_141"
"bac_ASV_142","bac","Bacteria","Proteobacteria","Gammaproteobacteria","Xanthomonadales","Xanthomonadaceae","Arenimonas","Arenimonas_daechungensis","bac","bac_ASV_142"
"bac_ASV_143","bac","Bacteria","Proteobacteria","Betaproteobacteria","Burkholderiales","Unassigned","Unassigned","Unassigned","bac","bac_ASV_143"
"bac_ASV_144","bac","Bacteria","Proteobacteria","Gammaproteobacteria","Unassigned","Unassigned","Unassigned","Unassigned","bac","bac_ASV_144"
"bac_ASV_148","bac","Bacteria","Proteobacteria","Betaproteobacteria","Burkholderiales","Burkholderiaceae","Burkholderia","Burkholderia_ubonensis","bac","bac_ASV_148"
"bac_ASV_149","bac","Bacteria","Unassigned","Unassigned","Unassigned","Unassigned","Unassigned","Unassigned","bac","bac_ASV_149"
"bac_ASV_15","bac","Bacteria","Acidobacteria","Acidobacteria_Gp1","Unassigned","Unassigned","Gp1","Unassigned","bac","bac_ASV_15"
"bac_ASV_152","bac","Bacteria","Bacteroidetes","Sphingobacteriia","Sphingobacteriales","Chitinophagaceae","Unassigned","Unassigned","bac","bac_ASV_152"
"bac_ASV_153","bac","Bacteria","Proteobacteria","Betaproteobacteria","Unassigned","Unassigned","Unassigned","Unassigned","bac","bac_ASV_153"
"bac_ASV_155","bac","Bacteria","Gemmatimonadetes","Gemmatimonadetes","Gemmatimonadales","Gemmatimonadaceae","Gemmatimonas","Gemmatimonas_aurantiaca","bac","bac_ASV_155"
"bac_ASV_156","bac","Bacteria","Acidobacteria","Acidobacteria_Gp1","Unassigned","Unassigned","Gp1","Unassigned","bac","bac_ASV_156"
"bac_ASV_157","bac","Bacteria","Proteobacteria","Gammaproteobacteria","Chromatiales","Chromatiaceae","Unassigned","Unassigned","bac","bac_ASV_157"
"bac_ASV_16","bac","Bacteria","Acidobacteria","Acidobacteria_Gp2","Unassigned","Unassigned","Gp2","Unassigned","bac","bac_ASV_16"
"bac_ASV_162","bac","Bacteria","Verrucomicrobia","Subdivision3","Unassigned","Unassigned","Subdivision3_genera_incertae_sedis","Unassigned","bac","bac_ASV_162"
"bac_ASV_164","bac","Bacteria","Planctomycetes","Planctomycetia","Planctomycetales","Planctomycetaceae","Gemmata","Gemmata_obscuriglobus","bac","bac_ASV_164"
"bac_ASV_165","bac","Bacteria","Bacteroidetes","Sphingobacteriia","Sphingobacteriales","Chitinophagaceae","Terrimonas","Unassigned","bac","bac_ASV_165"
"bac_ASV_17","bac","Bacteria","Proteobacteria","Alphaproteobacteria","Sphingomonadales","Sphingomonadaceae","Sphingomonas","Unassigned","bac","bac_ASV_17"
"bac_ASV_170","bac","Bacteria","Acidobacteria","Acidobacteria_Gp6","Unassigned","Unassigned","Gp6","Unassigned","bac","bac_ASV_170"
"bac_ASV_171","bac","Bacteria","Acidobacteria","Acidobacteria_Gp1","Unassigned","Unassigned","Gp1","Unassigned","bac","bac_ASV_171"
"bac_ASV_178","bac","Bacteria","Proteobacteria","Alphaproteobacteria","Rhizobiales","Unassigned","Unassigned","Unassigned","bac","bac_ASV_178"
"bac_ASV_179","bac","Bacteria","candidate_division_WPS-1","Unassigned","Unassigned","Unassigned","WPS-1_genera_incertae_sedis","Unassigned","bac","bac_ASV_179"
"bac_ASV_18","bac","Bacteria","Proteobacteria","Gammaproteobacteria","Xanthomonadales","Sinobacteraceae","Steroidobacter","Unassigned","bac","bac_ASV_18"
"bac_ASV_180","bac","Bacteria","Proteobacteria","Alphaproteobacteria","Sphingomonadales","Sphingomonadaceae","Novosphingobium","Unassigned","bac","bac_ASV_180"
"bac_ASV_185","bac","Bacteria","Proteobacteria","Betaproteobacteria","Burkholderiales","Burkholderiaceae","Burkholderia","Unassigned","bac","bac_ASV_185"
"bac_ASV_189","bac","Bacteria","Proteobacteria","Alphaproteobacteria","Rhizobiales","Unassigned","Unassigned","Unassigned","bac","bac_ASV_189"
"bac_ASV_19","bac","Bacteria","Acidobacteria","Acidobacteria_Gp1","Unassigned","Unassigned","Telmatobacter","Telmatobacter_bradus","bac","bac_ASV_19"
"bac_ASV_190","bac","Bacteria","Unassigned","Unassigned","Unassigned","Unassigned","Unassigned","Unassigned","bac","bac_ASV_190"
"bac_ASV_191","bac","Bacteria","Proteobacteria","Betaproteobacteria","Burkholderiales","Comamonadaceae","Unassigned","Unassigned","bac","bac_ASV_191"
"bac_ASV_192","bac","Bacteria","Bacteroidetes","Sphingobacteriia","Sphingobacteriales","Chitinophagaceae","Niastella","Niastella_yeongjuensis","bac","bac_ASV_192"
"bac_ASV_194","bac","Bacteria","Proteobacteria","Alphaproteobacteria","Rhizobiales","Unassigned","Unassigned","Unassigned","bac","bac_ASV_194"
"bac_ASV_196","bac","Bacteria","Proteobacteria","Deltaproteobacteria","Desulfuromonadales","Geobacteraceae","Geobacter","Unassigned","bac","bac_ASV_196"
"bac_ASV_2","bac","Bacteria","Proteobacteria","Gammaproteobacteria","Unassigned","Unassigned","Unassigned","Unassigned","bac","bac_ASV_2"
"bac_ASV_20","bac","Bacteria","Proteobacteria","Alphaproteobacteria","Sphingomonadales","Sphingomonadaceae","Sphingomonas","Sphingomonas_jaspsi","bac","bac_ASV_20"
"bac_ASV_200","bac","Bacteria","Acidobacteria","Acidobacteria_Gp10","Unassigned","Unassigned","Gp10","Unassigned","bac","bac_ASV_200"
"bac_ASV_204","bac","Bacteria","Acidobacteria","Acidobacteria_Gp1","Unassigned","Unassigned","Gp1","Unassigned","bac","bac_ASV_204"
"bac_ASV_205","bac","Bacteria","Acidobacteria","Acidobacteria_Gp3","Unassigned","Unassigned","Gp3","Unassigned","bac","bac_ASV_205"
"bac_ASV_206","bac","Bacteria","Acidobacteria","Acidobacteria_Gp1","Unassigned","Unassigned","Gp1","Unassigned","bac","bac_ASV_206"
"bac_ASV_207","bac","Bacteria","Proteobacteria","Alphaproteobacteria","Rhizobiales","Bradyrhizobiaceae","Unassigned","Unassigned","bac","bac_ASV_207"
"bac_ASV_21","bac","Archaea","Thaumarchaeota","Unassigned","Nitrososphaerales","Nitrososphaeraceae","Nitrososphaera","Unassigned","bac","bac_ASV_21"
"bac_ASV_213","bac","Bacteria","Bacteroidetes","Unassigned","Unassigned","Unassigned","Unassigned","Unassigned","bac","bac_ASV_213"
"bac_ASV_214","bac","Bacteria","Planctomycetes","Planctomycetia","Planctomycetales","Planctomycetaceae","Unassigned","Unassigned","bac","bac_ASV_214"
"bac_ASV_218","bac","Bacteria","Gemmatimonadetes","Gemmatimonadetes","Gemmatimonadales","Gemmatimonadaceae","Gemmatimonas","Gemmatimonas_aurantiaca","bac","bac_ASV_218"
"bac_ASV_219","bac","Bacteria","Gemmatimonadetes","Gemmatimonadetes","Gemmatimonadales","Gemmatimonadaceae","Gemmatimonas","Gemmatimonas_aurantiaca","bac","bac_ASV_219"
"bac_ASV_22","bac","Bacteria","Nitrospirae","Nitrospira","Nitrospirales","Nitrospiraceae","Nitrospira","Unassigned","bac","bac_ASV_22"
"bac_ASV_223","bac","Bacteria","Unassigned","Unassigned","Unassigned","Unassigned","Unassigned","Unassigned","bac","bac_ASV_223"
"bac_ASV_227","bac","Archaea","Thaumarchaeota","Unassigned","Nitrosopumilales","Nitrosopumilaceae","Nitrosopumilus","Unassigned","bac","bac_ASV_227"
"bac_ASV_228","bac","Bacteria","Proteobacteria","Alphaproteobacteria","Rhodospirillales","Rhodospirillaceae","Dongia","Unassigned","bac","bac_ASV_228"
"bac_ASV_229","bac","Bacteria","Gemmatimonadetes","Gemmatimonadetes","Gemmatimonadales","Gemmatimonadaceae","Gemmatimonas","Gemmatimonas_aurantiaca","bac","bac_ASV_229"
"bac_ASV_23","bac","Bacteria","Proteobacteria","Gammaproteobacteria","Xanthomonadales","Xanthomonadaceae","Unassigned","Unassigned","bac","bac_ASV_23"
"bac_ASV_232","bac","Bacteria","Unassigned","Unassigned","Unassigned","Unassigned","Unassigned","Unassigned","bac","bac_ASV_232"
"bac_ASV_239","bac","Bacteria","Proteobacteria","Alphaproteobacteria","Rhizobiales","Xanthobacteraceae","Pseudolabrys","Pseudolabrys_taiwanensis","bac","bac_ASV_239"
"bac_ASV_24","bac","Bacteria","Unassigned","Unassigned","Unassigned","Unassigned","Unassigned","Unassigned","bac","bac_ASV_24"
"bac_ASV_244","bac","Bacteria","Proteobacteria","Gammaproteobacteria","Unassigned","Unassigned","Unassigned","Unassigned","bac","bac_ASV_244"
"bac_ASV_247","bac","Bacteria","Acidobacteria","Acidobacteria_Gp3","Unassigned","Unassigned","Gp3","Unassigned","bac","bac_ASV_247"
"bac_ASV_25","bac","Bacteria","Proteobacteria","Betaproteobacteria","Unassigned","Unassigned","Unassigned","Unassigned","bac","bac_ASV_25"
"bac_ASV_253","bac","Bacteria","Proteobacteria","Gammaproteobacteria","Pseudomonadales","Pseudomonadaceae","Pseudomonas","Pseudomonas_granadensis","bac","bac_ASV_253"
"bac_ASV_255","bac","Bacteria","Candidatus_Saccharibacteria","Unassigned","Unassigned","Unassigned","Saccharibacteria_genera_incertae_sedis","Unassigned","bac","bac_ASV_255"
"bac_ASV_258","bac","Bacteria","Proteobacteria","Deltaproteobacteria","Myxococcales","Haliangiaceae","Haliangium","Unassigned","bac","bac_ASV_258"
"bac_ASV_262","bac","Bacteria","Planctomycetes","Planctomycetia","Planctomycetales","Planctomycetaceae","Unassigned","Unassigned","bac","bac_ASV_262"
"bac_ASV_265","bac","Bacteria","Unassigned","Unassigned","Unassigned","Unassigned","Unassigned","Unassigned","bac","bac_ASV_265"
"bac_ASV_268","bac","Bacteria","Proteobacteria","Betaproteobacteria","Unassigned","Unassigned","Unassigned","Unassigned","bac","bac_ASV_268"
"bac_ASV_27","bac","Bacteria","Acidobacteria","Acidobacteria_Gp1","Unassigned","Unassigned","Gp1","Unassigned","bac","bac_ASV_27"
"bac_ASV_272","bac","Bacteria","Bacteroidetes","Sphingobacteriia","Sphingobacteriales","Chitinophagaceae","Sediminibacterium","Unassigned","bac","bac_ASV_272"
"bac_ASV_273","bac","Bacteria","Firmicutes","Bacilli","Bacillales","Bacillaceae_1","Bacillus","Bacillus_qingshengii","bac","bac_ASV_273"
"bac_ASV_276","bac","Bacteria","Proteobacteria","Betaproteobacteria","Burkholderiales","Burkholderiaceae","Burkholderia","Unassigned","bac","bac_ASV_276"
"bac_ASV_277","bac","Bacteria","Proteobacteria","Alphaproteobacteria","Rhodospirillales","Rhodospirillaceae","Unassigned","Unassigned","bac","bac_ASV_277"
"bac_ASV_278","bac","Unassigned","Unassigned","Unassigned","Unassigned","Unassigned","Unassigned","Unassigned","bac","bac_ASV_278"
"bac_ASV_28","bac","Bacteria","Proteobacteria","Alphaproteobacteria","Rhizobiales","Unassigned","Unassigned","Unassigned","bac","bac_ASV_28"
"bac_ASV_286","bac","Bacteria","Proteobacteria","Deltaproteobacteria","Myxococcales","Cystobacteraceae","Cystobacter","Unassigned","bac","bac_ASV_286"
"bac_ASV_29","bac","Bacteria","Acidobacteria","Acidobacteria_Gp13","Unassigned","Unassigned","Gp13","Unassigned","bac","bac_ASV_29"
"bac_ASV_290","bac","Bacteria","Proteobacteria","Alphaproteobacteria","Unassigned","Unassigned","Unassigned","Unassigned","bac","bac_ASV_290"
"bac_ASV_292","bac","Bacteria","Bacteroidetes","Sphingobacteriia","Sphingobacteriales","Chitinophagaceae","Flavisolibacter","Flavisolibacter_ginsengisoli","bac","bac_ASV_292"
"bac_ASV_298","bac","Bacteria","Proteobacteria","Betaproteobacteria","Unassigned","Unassigned","Unassigned","Unassigned","bac","bac_ASV_298"
"bac_ASV_299","bac","Bacteria","Proteobacteria","Alphaproteobacteria","Sphingomonadales","Sphingomonadaceae","Novosphingobium","Novosphingobium_lentum","bac","bac_ASV_299"
"bac_ASV_3","bac","Bacteria","Proteobacteria","Betaproteobacteria","Burkholderiales","Burkholderiaceae","Burkholderia","Burkholderia_soli","bac","bac_ASV_3"
"bac_ASV_30","bac","Bacteria","Acidobacteria","Acidobacteria_Gp3","Unassigned","Unassigned","Gp3","Unassigned","bac","bac_ASV_30"
"bac_ASV_304","bac","Bacteria","Proteobacteria","Alphaproteobacteria","Rhizobiales","Unassigned","Unassigned","Unassigned","bac","bac_ASV_304"
"bac_ASV_305","bac","Bacteria","Acidobacteria","Acidobacteria_Gp3","Unassigned","Unassigned","Gp3","Unassigned","bac","bac_ASV_305"
"bac_ASV_31","bac","Bacteria","Proteobacteria","Alphaproteobacteria","Rhizobiales","Bradyrhizobiaceae","Bradyrhizobium","Bradyrhizobium_daqingense","bac","bac_ASV_31"
"bac_ASV_312","bac","Bacteria","Proteobacteria","Gammaproteobacteria","Enterobacteriales","Enterobacteriaceae","Unassigned","Unassigned","bac","bac_ASV_312"
"bac_ASV_316","bac","Bacteria","Acidobacteria","Acidobacteria_Gp6","Unassigned","Unassigned","Gp6","Unassigned","bac","bac_ASV_316"
"bac_ASV_32","bac","Bacteria","Proteobacteria","Alphaproteobacteria","Rhizobiales","Bradyrhizobiaceae","Bradyrhizobium","Unassigned","bac","bac_ASV_32"
"bac_ASV_324","bac","Bacteria","Acidobacteria","Acidobacteria_Gp6","Unassigned","Unassigned","Gp6","Unassigned","bac","bac_ASV_324"
"bac_ASV_328","bac","Bacteria","Unassigned","Unassigned","Unassigned","Unassigned","Unassigned","Unassigned","bac","bac_ASV_328"
"bac_ASV_33","bac","Bacteria","Proteobacteria","Alphaproteobacteria","Rhizobiales","Unassigned","Unassigned","Unassigned","bac","bac_ASV_33"
"bac_ASV_334","bac","Bacteria","Proteobacteria","Alphaproteobacteria","Rhizobiales","Hyphomicrobiaceae","Rhodoplanes","Unassigned","bac","bac_ASV_334"
"bac_ASV_336","bac","Bacteria","Proteobacteria","Gammaproteobacteria","Unassigned","Unassigned","Unassigned","Unassigned","bac","bac_ASV_336"
"bac_ASV_34","bac","Bacteria","Proteobacteria","Gammaproteobacteria","Xanthomonadales","Xanthomonadaceae","Unassigned","Unassigned","bac","bac_ASV_34"
"bac_ASV_342","bac","Bacteria","Proteobacteria","Gammaproteobacteria","Unassigned","Unassigned","Unassigned","Unassigned","bac","bac_ASV_342"
"bac_ASV_348","bac","Bacteria","Acidobacteria","Acidobacteria_Gp1","Unassigned","Unassigned","Gp1","Unassigned","bac","bac_ASV_348"
"bac_ASV_35","bac","Bacteria","Proteobacteria","Betaproteobacteria","Burkholderiales","Burkholderiaceae","Burkholderia","Burkholderia_caribensis","bac","bac_ASV_35"
"bac_ASV_352","bac","Bacteria","Unassigned","Unassigned","Unassigned","Unassigned","Unassigned","Unassigned","bac","bac_ASV_352"
"bac_ASV_359","bac","Bacteria","Proteobacteria","Betaproteobacteria","Neisseriales","Neisseriaceae","Pseudogulbenkiania","Pseudogulbenkiania_gefcensis","bac","bac_ASV_359"
"bac_ASV_36","bac","Bacteria","Proteobacteria","Alphaproteobacteria","Sphingomonadales","Sphingomonadaceae","Sphingomonas","Unassigned","bac","bac_ASV_36"
"bac_ASV_367","bac","Bacteria","Acidobacteria","Acidobacteria_Gp6","Unassigned","Unassigned","Gp6","Unassigned","bac","bac_ASV_367"
"bac_ASV_370","bac","Bacteria","Proteobacteria","Alphaproteobacteria","Rhodospirillales","Rhodospirillaceae","Unassigned","Unassigned","bac","bac_ASV_370"
"bac_ASV_375","bac","Bacteria","Proteobacteria","Betaproteobacteria","Burkholderiales","Comamonadaceae","Unassigned","Unassigned","bac","bac_ASV_375"
"bac_ASV_376","bac","Bacteria","Proteobacteria","Gammaproteobacteria","Pseudomonadales","Pseudomonadaceae","Pseudomonas","Pseudomonas_panipatensis","bac","bac_ASV_376"
"bac_ASV_38","bac","Bacteria","Proteobacteria","Alphaproteobacteria","Rhizobiales","Phyllobacteriaceae","Mesorhizobium","Mesorhizobium_silamurunense","bac","bac_ASV_38"
"bac_ASV_381","bac","Bacteria","Proteobacteria","Betaproteobacteria","Unassigned","Unassigned","Unassigned","Unassigned","bac","bac_ASV_381"
"bac_ASV_386","bac","Bacteria","Proteobacteria","Betaproteobacteria","Burkholderiales","Oxalobacteraceae","Herbaspirillum","Herbaspirillum_aquaticum","bac","bac_ASV_386"
"bac_ASV_387","bac","Bacteria","Bacteroidetes","Sphingobacteriia","Sphingobacteriales","Unassigned","Unassigned","Unassigned","bac","bac_ASV_387"
"bac_ASV_39","bac","Bacteria","Proteobacteria","Betaproteobacteria","Unassigned","Unassigned","Unassigned","Unassigned","bac","bac_ASV_39"
"bac_ASV_4","bac","Bacteria","Proteobacteria","Alphaproteobacteria","Rhodospirillales","Acetobacteraceae","Acidocella","Unassigned","bac","bac_ASV_4"
"bac_ASV_40","bac","Bacteria","Proteobacteria","Betaproteobacteria","Unassigned","Unassigned","Unassigned","Unassigned","bac","bac_ASV_40"
"bac_ASV_400","bac","Bacteria","Proteobacteria","Gammaproteobacteria","Pseudomonadales","Pseudomonadaceae","Pseudomonas","Pseudomonas_composti","bac","bac_ASV_400"
"bac_ASV_41","bac","Bacteria","Proteobacteria","Betaproteobacteria","Unassigned","Unassigned","Unassigned","Unassigned","bac","bac_ASV_41"
"bac_ASV_416","bac","Bacteria","Proteobacteria","Gammaproteobacteria","Legionellales","Coxiellaceae","Aquicella","Aquicella_siphonis","bac","bac_ASV_416"
"bac_ASV_417","bac","Bacteria","Acidobacteria","Acidobacteria_Gp3","Unassigned","Unassigned","Gp3","Unassigned","bac","bac_ASV_417"
"bac_ASV_42","bac","Bacteria","Proteobacteria","Gammaproteobacteria","Xanthomonadales","Xanthomonadaceae","Unassigned","Unassigned","bac","bac_ASV_42"
"bac_ASV_44","bac","Bacteria","Acidobacteria","Acidobacteria_Gp6","Unassigned","Unassigned","Gp6","Unassigned","bac","bac_ASV_44"
"bac_ASV_440","bac","Bacteria","Proteobacteria","Gammaproteobacteria","Xanthomonadales","Xanthomonadaceae","Rudaea","Rudaea_cellulosilytica","bac","bac_ASV_440"
"bac_ASV_442","bac","Bacteria","Proteobacteria","Deltaproteobacteria","Desulfuromonadales","Geobacteraceae","Geobacter","Unassigned","bac","bac_ASV_442"
"bac_ASV_45","bac","Bacteria","Proteobacteria","Alphaproteobacteria","Rhizobiales","Unassigned","Unassigned","Unassigned","bac","bac_ASV_45"
"bac_ASV_451","bac","Bacteria","Unassigned","Unassigned","Unassigned","Unassigned","Unassigned","Unassigned","bac","bac_ASV_451"
"bac_ASV_456","bac","Bacteria","Proteobacteria","Betaproteobacteria","Rhodocyclales","Rhodocyclaceae","Azonexus","Azonexus_caeni","bac","bac_ASV_456"
"bac_ASV_46","bac","Bacteria","Proteobacteria","Betaproteobacteria","Burkholderiales","Burkholderiaceae","Burkholderia","Unassigned","bac","bac_ASV_46"
"bac_ASV_47","bac","Bacteria","Proteobacteria","Betaproteobacteria","Unassigned","Unassigned","Unassigned","Unassigned","bac","bac_ASV_47"
"bac_ASV_48","bac","Bacteria","Proteobacteria","Alphaproteobacteria","Sphingomonadales","Sphingomonadaceae","Unassigned","Unassigned","bac","bac_ASV_48"
"bac_ASV_49","bac","Bacteria","Firmicutes","Bacilli","Bacillales","Bacillaceae_1","Bacillus","Bacillus_vireti","bac","bac_ASV_49"
"bac_ASV_5","bac","Bacteria","Verrucomicrobia","Spartobacteria","Unassigned","Unassigned","Spartobacteria_genera_incertae_sedis","Unassigned","bac","bac_ASV_5"
"bac_ASV_50","bac","Bacteria","Proteobacteria","Alphaproteobacteria","Rhizobiales","Unassigned","Unassigned","Unassigned","bac","bac_ASV_50"
"bac_ASV_51","bac","Bacteria","Proteobacteria","Alphaproteobacteria","Sphingomonadales","Sphingomonadaceae","Novosphingobium","Novosphingobium_arabidopsis","bac","bac_ASV_51"
"bac_ASV_52","bac","Bacteria","Proteobacteria","Betaproteobacteria","Burkholderiales","Oxalobacteraceae","Pseudoduganella","Pseudoduganella_violaceinigra","bac","bac_ASV_52"
"bac_ASV_53","bac","Bacteria","Proteobacteria","Betaproteobacteria","Neisseriales","Neisseriaceae","Unassigned","Unassigned","bac","bac_ASV_53"
"bac_ASV_536","bac","Bacteria","Firmicutes","Unassigned","Unassigned","Unassigned","Unassigned","Unassigned","bac","bac_ASV_536"
"bac_ASV_54","bac","Bacteria","Proteobacteria","Gammaproteobacteria","Unassigned","Unassigned","Unassigned","Unassigned","bac","bac_ASV_54"
"bac_ASV_55","bac","Bacteria","Proteobacteria","Alphaproteobacteria","Caulobacterales","Caulobacteraceae","Phenylobacterium","Phenylobacterium_muchangponense","bac","bac_ASV_55"
"bac_ASV_57","bac","Bacteria","Proteobacteria","Alphaproteobacteria","Rhizobiales","Phyllobacteriaceae","Mesorhizobium","Unassigned","bac","bac_ASV_57"
"bac_ASV_589","bac","Bacteria","Proteobacteria","Betaproteobacteria","Rhodocyclales","Rhodocyclaceae","Unassigned","Unassigned","bac","bac_ASV_589"
"bac_ASV_59","bac","Bacteria","Acidobacteria","Acidobacteria_Gp1","Unassigned","Unassigned","Telmatobacter","Telmatobacter_bradus","bac","bac_ASV_59"
"bac_ASV_60","bac","Bacteria","Proteobacteria","Alphaproteobacteria","Sphingomonadales","Sphingomonadaceae","Novosphingobium","Novosphingobium_resinovorum","bac","bac_ASV_60"
"bac_ASV_61","bac","Bacteria","Actinobacteria","Actinobacteria","Gaiellales","Gaiellaceae","Gaiella","Gaiella_occulta","bac","bac_ASV_61"
"bac_ASV_62","bac","Bacteria","Proteobacteria","Betaproteobacteria","Unassigned","Unassigned","Unassigned","Unassigned","bac","bac_ASV_62"
"bac_ASV_623","bac","Unassigned","Unassigned","Unassigned","Unassigned","Unassigned","Unassigned","Unassigned","bac","bac_ASV_623"
"bac_ASV_63","bac","Bacteria","Unassigned","Unassigned","Unassigned","Unassigned","Unassigned","Unassigned","bac","bac_ASV_63"
"bac_ASV_64","bac","Bacteria","Proteobacteria","Alphaproteobacteria","Alphaproteobacteria_incertae_sedis","Unassigned","Rhizomicrobium","Unassigned","bac","bac_ASV_64"
"bac_ASV_65","bac","Bacteria","Gemmatimonadetes","Gemmatimonadetes","Gemmatimonadales","Gemmatimonadaceae","Gemmatimonas","Gemmatimonas_aurantiaca","bac","bac_ASV_65"
"bac_ASV_66","bac","Bacteria","Firmicutes","Bacilli","Bacillales","Bacillaceae_1","Bacillus","Bacillus_funiculus","bac","bac_ASV_66"
"bac_ASV_67","bac","Bacteria","Proteobacteria","Alphaproteobacteria","Sphingomonadales","Sphingomonadaceae","Novosphingobium","Unassigned","bac","bac_ASV_67"
"bac_ASV_68","bac","Bacteria","Proteobacteria","Alphaproteobacteria","Rhodospirillales","Rhodospirillaceae","Unassigned","Unassigned","bac","bac_ASV_68"
"bac_ASV_69","bac","Bacteria","Proteobacteria","Alphaproteobacteria","Rhizobiales","Hyphomicrobiaceae","Devosia","Devosia_insulae","bac","bac_ASV_69"
"bac_ASV_694","bac","Bacteria","Verrucomicrobia","Subdivision3","Unassigned","Unassigned","Subdivision3_genera_incertae_sedis","Unassigned","bac","bac_ASV_694"
"bac_ASV_7","bac","Bacteria","Proteobacteria","Alphaproteobacteria","Sphingomonadales","Sphingomonadaceae","Unassigned","Unassigned","bac","bac_ASV_7"
"bac_ASV_70","bac","Bacteria","Gemmatimonadetes","Gemmatimonadetes","Gemmatimonadales","Gemmatimonadaceae","Gemmatimonas","Gemmatimonas_aurantiaca","bac","bac_ASV_70"
"bac_ASV_707","bac","Bacteria","Acidobacteria","Acidobacteria_Gp3","Unassigned","Unassigned","Unassigned","Unassigned","bac","bac_ASV_707"
"bac_ASV_71","bac","Bacteria","Proteobacteria","Alphaproteobacteria","Rhizobiales","Rhizobiaceae","Rhizobium","Rhizobium_laguerreae","bac","bac_ASV_71"
"bac_ASV_72","bac","Bacteria","Proteobacteria","Gammaproteobacteria","Xanthomonadales","Xanthomonadaceae","Unassigned","Unassigned","bac","bac_ASV_72"
"bac_ASV_725","bac","Bacteria","Unassigned","Unassigned","Unassigned","Unassigned","Unassigned","Unassigned","bac","bac_ASV_725"
"bac_ASV_73","bac","Bacteria","Acidobacteria","Acidobacteria_Gp3","Unassigned","Unassigned","Gp3","Unassigned","bac","bac_ASV_73"
"bac_ASV_75","bac","Bacteria","Proteobacteria","Alphaproteobacteria","Rhodospirillales","Rhodospirillaceae","Unassigned","Unassigned","bac","bac_ASV_75"
"bac_ASV_757","bac","Bacteria","Proteobacteria","Betaproteobacteria","Hydrogenophilales","Hydrogenophilaceae","Thiobacillus","Thiobacillus_thioparus","bac","bac_ASV_757"
"bac_ASV_76","bac","Bacteria","Proteobacteria","Alphaproteobacteria","Rhodospirillales","Unassigned","Unassigned","Unassigned","bac","bac_ASV_76"
"bac_ASV_77","bac","Bacteria","Proteobacteria","Alphaproteobacteria","Sphingomonadales","Sphingomonadaceae","Sphingobium","Sphingobium_quisquiliarum","bac","bac_ASV_77"
"bac_ASV_78","bac","Bacteria","Proteobacteria","Betaproteobacteria","Unassigned","Unassigned","Unassigned","Unassigned","bac","bac_ASV_78"
"bac_ASV_79","bac","Bacteria","Proteobacteria","Betaproteobacteria","Unassigned","Unassigned","Unassigned","Unassigned","bac","bac_ASV_79"
"bac_ASV_80","bac","Bacteria","Actinobacteria","Actinobacteria","Actinomycetales","Micrococcaceae","Arthrobacter","Arthrobacter_cryotolerans","bac","bac_ASV_80"
"bac_ASV_81","bac","Bacteria","Proteobacteria","Alphaproteobacteria","Rhizobiales","Bradyrhizobiaceae","Bradyrhizobium","Bradyrhizobium_manausense","bac","bac_ASV_81"
"bac_ASV_82","bac","Bacteria","Proteobacteria","Alphaproteobacteria","Sphingomonadales","Erythrobacteraceae","Unassigned","Unassigned","bac","bac_ASV_82"
"bac_ASV_83","bac","Bacteria","Proteobacteria","Alphaproteobacteria","Rhizobiales","Unassigned","Unassigned","Unassigned","bac","bac_ASV_83"
"bac_ASV_840","bac","Bacteria","Proteobacteria","Deltaproteobacteria","Desulfuromonadales","Geobacteraceae","Geobacter","Unassigned","bac","bac_ASV_840"
"bac_ASV_842","bac","Unassigned","Unassigned","Unassigned","Unassigned","Unassigned","Unassigned","Unassigned","bac","bac_ASV_842"
"bac_ASV_86","bac","Bacteria","Unassigned","Unassigned","Unassigned","Unassigned","Unassigned","Unassigned","bac","bac_ASV_86"
"bac_ASV_87","bac","Bacteria","Gemmatimonadetes","Gemmatimonadetes","Gemmatimonadales","Gemmatimonadaceae","Gemmatimonas","Gemmatimonas_aurantiaca","bac","bac_ASV_87"
"bac_ASV_874","bac","Bacteria","Chloroflexi","Anaerolineae","Anaerolineales","Anaerolineaceae","Unassigned","Unassigned","bac","bac_ASV_874"
"bac_ASV_88","bac","Bacteria","Acidobacteria","Acidobacteria_Gp6","Unassigned","Unassigned","Gp6","Unassigned","bac","bac_ASV_88"
"bac_ASV_9","bac","Bacteria","Unassigned","Unassigned","Unassigned","Unassigned","Unassigned","Unassigned","bac","bac_ASV_9"
"bac_ASV_92","bac","Bacteria","Acidobacteria","Acidobacteria_Gp6","Unassigned","Unassigned","Gp6","Unassigned","bac","bac_ASV_92"
"bac_ASV_93","bac","Bacteria","Nitrospirae","Nitrospira","Nitrospirales","Nitrospiraceae","Nitrospira","Unassigned","bac","bac_ASV_93"
"bac_ASV_94","bac","Bacteria","Unassigned","Unassigned","Unassigned","Unassigned","Unassigned","Unassigned","bac","bac_ASV_94"
"bac_ASV_95","bac","Bacteria","Bacteroidetes","Sphingobacteriia","Sphingobacteriales","Chitinophagaceae","Terrimonas","Terrimonas_lutea","bac","bac_ASV_95"
"bac_ASV_96","bac","Bacteria","Proteobacteria","Betaproteobacteria","Unassigned","Unassigned","Unassigned","Unassigned","bac","bac_ASV_96"
"bac_ASV_99","bac","Bacteria","Proteobacteria","Betaproteobacteria","Unassigned","Unassigned","Unassigned","Unassigned","bac","bac_ASV_99"
"BI",NA,NA,NA,NA,NA,NA,NA,NA,"env","BI"
"CN",NA,NA,NA,NA,NA,NA,NA,NA,"env","CN"
"FRB",NA,NA,NA,NA,NA,NA,NA,NA,"env","FRB"
"fun_ASV_1","fun","Fungi","Ascomycota","Sordariomycetes","Sordariales","Chaetomiaceae","Unassigned","Unassigned","fun","fun_ASV_1"
"fun_ASV_10","fun","Viridiplantae","Anthophyta","Eudicotyledonae","Rosales","Rosaceae","Pyrus","Unassigned","fun","fun_ASV_10"
"fun_ASV_100","fun","Fungi","Ascomycota","Sordariomycetes","Sordariales","Chaetomiaceae","Arcopilus","Arcopilus_cupreus_SH1615623.08FU","fun","fun_ASV_100"
"fun_ASV_101","fun","Fungi","Unassigned","Unassigned","Unassigned","Unassigned","Unassigned","Unassigned","fun","fun_ASV_101"
"fun_ASV_102","fun","Fungi","Ascomycota","Sordariomycetes","Hypocreales","Nectriaceae","Fusarium","Unassigned","fun","fun_ASV_102"
"fun_ASV_103","fun","Fungi","Mortierellomycota","Mortierellomycetes","Mortierellales","Mortierellaceae","Mortierella","Mortierella_alpina_SH1650285.08FU","fun","fun_ASV_103"
"fun_ASV_105","fun","Fungi","Ascomycota","Sordariomycetes","Sordariales","Sordariales_fam_Incertae_sedis","Staphylotrichum","Unassigned","fun","fun_ASV_105"
"fun_ASV_106","fun","Fungi","Ascomycota","Sordariomycetes","Sordariales","Sordariales_fam_Incertae_sedis","Staphylotrichum","Staphylotrichum_boninense_SH1615643.08FU","fun","fun_ASV_106"
"fun_ASV_107","fun","Fungi","Ascomycota","Sordariomycetes","Sordariales","Chaetomiaceae","Chaetomium","Unassigned","fun","fun_ASV_107"
"fun_ASV_108","fun","Alveolata","Ciliophora","Spirotrichea","Sporadotrichida","Trachelostylidae","Gonostomum","Unassigned","fun","fun_ASV_108"
"fun_ASV_11","fun","Unassigned","Unassigned","Unassigned","Unassigned","Unassigned","Unassigned","Unassigned","fun","fun_ASV_11"
"fun_ASV_112","fun","Fungi","Mortierellomycota","Mortierellomycetes","Mortierellales","Mortierellaceae","Mortierella","Mortierella_alpina_SH1650283.08FU","fun","fun_ASV_112"
"fun_ASV_114","fun","Fungi","Ascomycota","Sordariomycetes","Branch06","Unassigned","Unassigned","Unassigned","fun","fun_ASV_114"
"fun_ASV_115","fun","Viridiplantae","Anthophyta","Eudicotyledonae","Rosales","Rosaceae","Unassigned","Unassigned","fun","fun_ASV_115"
"fun_ASV_116","fun","Fungi","Basidiomycota","Agaricomycetes","Sebacinales","Unassigned","Unassigned","Unassigned","fun","fun_ASV_116"
"fun_ASV_118","fun","Fungi","Ascomycota","Sordariomycetes","Hypocreales","Nectriaceae","Cylindrocarpon","Unassigned","fun","fun_ASV_118"
"fun_ASV_119","fun","Fungi","Ascomycota","Sordariomycetes","Sordariales","Unassigned","Unassigned","Unassigned","fun","fun_ASV_119"
"fun_ASV_12","fun","Unassigned","Unassigned","Unassigned","Unassigned","Unassigned","Unassigned","Unassigned","fun","fun_ASV_12"
"fun_ASV_120","fun","Unassigned","Unassigned","Unassigned","Unassigned","Unassigned","Unassigned","Unassigned","fun","fun_ASV_120"
"fun_ASV_121","fun","Unassigned","Unassigned","Unassigned","Unassigned","Unassigned","Unassigned","Unassigned","fun","fun_ASV_121"
"fun_ASV_122","fun","Viridiplantae","Bryophyta","Bryopsida","Pottiales","Pottiaceae","Hydrogonium","Unassigned","fun","fun_ASV_122"
"fun_ASV_123","fun","Fungi","Ascomycota","Sordariomycetes","Hypocreales","Unassigned","Unassigned","Unassigned","fun","fun_ASV_123"
"fun_ASV_124","fun","Unassigned","Unassigned","Unassigned","Unassigned","Unassigned","Unassigned","Unassigned","fun","fun_ASV_124"
"fun_ASV_125","fun","Fungi","Ascomycota","Eurotiomycetes","Onygenales","Onygenales_fam_Incertae_sedis","Chrysosporium","Chrysosporium_pseudomerdarium_SH1557168.08FU","fun","fun_ASV_125"
"fun_ASV_13","fun","Fungi","Mortierellomycota","Mortierellomycetes","Mortierellales","Mortierellaceae","Mortierella","Mortierella_angusta_SH1555953.08FU","fun","fun_ASV_13"
"fun_ASV_131","fun","Unassigned","Unassigned","Unassigned","Unassigned","Unassigned","Unassigned","Unassigned","fun","fun_ASV_131"
"fun_ASV_132","fun","Fungi","Ascomycota","Unassigned","Unassigned","Unassigned","Unassigned","Unassigned","fun","fun_ASV_132"
"fun_ASV_136","fun","Fungi","Ascomycota","Dothideomycetes","Pleosporales","Didymosphaeriaceae","Paraphaeosphaeria","Paraphaeosphaeria_sporulosa_SH1184783.08FU","fun","fun_ASV_136"
"fun_ASV_138","fun","Fungi","Ascomycota","Sordariomycetes","Sordariales","Sordariales_fam_Incertae_sedis","Conlarium","Unassigned","fun","fun_ASV_138"
"fun_ASV_14","fun","Unassigned","Unassigned","Unassigned","Unassigned","Unassigned","Unassigned","Unassigned","fun","fun_ASV_14"
"fun_ASV_140","fun","Alveolata","Ciliophora","Spirotrichea","Sporadotrichida","Trachelostylidae","Gonostomum","Unassigned","fun","fun_ASV_140"
"fun_ASV_141","fun","Fungi","Ascomycota","Eurotiomycetes","Eurotiales","Trichocomaceae","Sagenomella","Sagenomella_oligospora_SH1545678.08FU","fun","fun_ASV_141"
"fun_ASV_142","fun","Fungi","Ascomycota","Eurotiomycetes","Eurotiales","Unassigned","Unassigned","Unassigned","fun","fun_ASV_142"
"fun_ASV_1429","fun","Fungi","Ascomycota","Sordariomycetes","Unassigned","Unassigned","Unassigned","Unassigned","fun","fun_ASV_1429"
"fun_ASV_143","fun","Viridiplantae","Anthophyta","Eudicotyledonae","Rosales","Rosaceae","Pyrus","Pyrus_pyrifolia_SH1580840.08FU","fun","fun_ASV_143"
"fun_ASV_145","fun","Alveolata","Unassigned","Unassigned","Unassigned","Unassigned","Unassigned","Unassigned","fun","fun_ASV_145"
"fun_ASV_147","fun","Viridiplantae","Anthophyta","Eudicotyledonae","Rosales","Rosaceae","Pyrus","Pyrus_pyrifolia_SH1580840.08FU","fun","fun_ASV_147"
"fun_ASV_148","fun","Viridiplantae","Anthophyta","Eudicotyledonae","Rosales","Rosaceae","Pyrus","Pyrus_pyrifolia_SH1580840.08FU","fun","fun_ASV_148"
"fun_ASV_149","fun","Fungi","Ascomycota","Eurotiomycetes","Eurotiales","Unassigned","Unassigned","Unassigned","fun","fun_ASV_149"
"fun_ASV_15","fun","Fungi","Ascomycota","Eurotiomycetes","Eurotiales","Aspergillaceae","Penicillium","Penicillium_raperi_SH1692798.08FU","fun","fun_ASV_15"
"fun_ASV_151","fun","Metazoa","Nematoda","Chromadorea","Rhabditida","Telotylenchidae","Tylenchorhynchus","Unassigned","fun","fun_ASV_151"
"fun_ASV_154","fun","Fungi","Ascomycota","Sordariomycetes","Hypocreales","Cordycipitaceae","Unassigned","Unassigned","fun","fun_ASV_154"
"fun_ASV_155","fun","Fungi","Basidiomycota","Agaricomycetes","Sebacinales","Unassigned","Unassigned","Unassigned","fun","fun_ASV_155"
"fun_ASV_158","fun","Unassigned","Unassigned","Unassigned","Unassigned","Unassigned","Unassigned","Unassigned","fun","fun_ASV_158"
"fun_ASV_16","fun","Viridiplantae","Anthophyta","Eudicotyledonae","Rosales","Rosaceae","Pyrus","Unassigned","fun","fun_ASV_16"
"fun_ASV_160","fun","Alveolata","Ciliophora","Spirotrichea","Urostylida","Unassigned","Unassigned","Unassigned","fun","fun_ASV_160"
"fun_ASV_162","fun","Fungi","Ascomycota","Dothideomycetes","Unassigned","Unassigned","Unassigned","Unassigned","fun","fun_ASV_162"
"fun_ASV_164","fun","Unassigned","Unassigned","Unassigned","Unassigned","Unassigned","Unassigned","Unassigned","fun","fun_ASV_164"
"fun_ASV_165","fun","Viridiplantae","Anthophyta","Eudicotyledonae","Rosales","Rosaceae","Unassigned","Unassigned","fun","fun_ASV_165"
"fun_ASV_167","fun","Fungi","Ascomycota","Sordariomycetes","Hypocreales","Hypocreaceae","Trichoderma","Trichoderma_longipilis_SH1958335.08FU","fun","fun_ASV_167"
"fun_ASV_168","fun","Alveolata","Ciliophora","Spirotrichea","Unassigned","Unassigned","Unassigned","Unassigned","fun","fun_ASV_168"
"fun_ASV_169","fun","Fungi","Ascomycota","Eurotiomycetes","Eurotiales","Trichocomaceae","Talaromyces","Unassigned","fun","fun_ASV_169"
"fun_ASV_17","fun","Viridiplantae","Anthophyta","Eudicotyledonae","Rosales","Rosaceae","Pyrus","Unassigned","fun","fun_ASV_17"
"fun_ASV_170","fun","Fungi","Ascomycota","Sordariomycetes","Sordariales","Chaetomiaceae","Humicola","Humicola_phialophoroides_SH1615667.08FU","fun","fun_ASV_170"
"fun_ASV_172","fun","Unassigned","Unassigned","Unassigned","Unassigned","Unassigned","Unassigned","Unassigned","fun","fun_ASV_172"
"fun_ASV_174","fun","Rhizaria","Cercozoa","Unassigned","Unassigned","Unassigned","Unassigned","Unassigned","fun","fun_ASV_174"
"fun_ASV_175","fun","unidentified","Unassigned","Unassigned","Unassigned","Unassigned","Unassigned","Unassigned","fun","fun_ASV_175"
"fun_ASV_176","fun","Rhizaria","Cercozoa","Unassigned","Unassigned","Unassigned","Unassigned","Unassigned","fun","fun_ASV_176"
"fun_ASV_178","fun","Fungi","Ascomycota","Eurotiomycetes","Chaetothyriales","Herpotrichiellaceae","Exophiala","Unassigned","fun","fun_ASV_178"
"fun_ASV_18","fun","Unassigned","Unassigned","Unassigned","Unassigned","Unassigned","Unassigned","Unassigned","fun","fun_ASV_18"
"fun_ASV_185","fun","Alveolata","Unassigned","Unassigned","Unassigned","Unassigned","Unassigned","Unassigned","fun","fun_ASV_185"
"fun_ASV_186","fun","Unassigned","Unassigned","Unassigned","Unassigned","Unassigned","Unassigned","Unassigned","fun","fun_ASV_186"
"fun_ASV_187","fun","Viridiplantae","Anthophyta","Eudicotyledonae","Rosales","Rosaceae","Unassigned","Unassigned","fun","fun_ASV_187"
"fun_ASV_188","fun","Fungi","Basidiomycota","Agaricomycetes","Unassigned","Unassigned","Unassigned","Unassigned","fun","fun_ASV_188"
"fun_ASV_189","fun","Fungi","Ascomycota","Sordariomycetes","Sordariales","Chaetomiaceae","Corynascella","Corynascella_humicola_SH1615715.08FU","fun","fun_ASV_189"
"fun_ASV_19","fun","Viridiplantae","Anthophyta","Eudicotyledonae","Rosales","Rosaceae","Pyrus","Pyrus_ussuriensis_SH1580762.08FU","fun","fun_ASV_19"
"fun_ASV_192","fun","Fungi","Ascomycota","Sordariomycetes","Microascales","Microascaceae","Gamsia","Gamsia_simplex_SH1575617.08FU","fun","fun_ASV_192"
"fun_ASV_193","fun","Alveolata","Ciliophora","Spirotrichea","Urostylida","Unassigned","Unassigned","Unassigned","fun","fun_ASV_193"
"fun_ASV_196","fun","Alveolata","Ciliophora","Oligohymenophorea","Philasterida","Unassigned","Unassigned","Unassigned","fun","fun_ASV_196"
"fun_ASV_2","fun","Unassigned","Unassigned","Unassigned","Unassigned","Unassigned","Unassigned","Unassigned","fun","fun_ASV_2"
"fun_ASV_20","fun","Fungi","Unassigned","Unassigned","Unassigned","Unassigned","Unassigned","Unassigned","fun","fun_ASV_20"
"fun_ASV_201","fun","Viridiplantae","Chlorophyta","Unassigned","Unassigned","Unassigned","Chlamydomonas","Unassigned","fun","fun_ASV_201"
"fun_ASV_202","fun","Fungi","Ascomycota","Eurotiomycetes","Eurotiales","Aspergillaceae","Penicillium","Unassigned","fun","fun_ASV_202"
"fun_ASV_203","fun","Fungi","Ascomycota","Eurotiomycetes","Unassigned","Unassigned","Unassigned","Unassigned","fun","fun_ASV_203"
"fun_ASV_205","fun","Fungi","Rozellomycota","Unassigned","Unassigned","Unassigned","Unassigned","Unassigned","fun","fun_ASV_205"
"fun_ASV_207","fun","Fungi","Ascomycota","Sordariomycetes","Hypocreales","Unassigned","Unassigned","Unassigned","fun","fun_ASV_207"
"fun_ASV_21","fun","Fungi","Unassigned","Unassigned","Unassigned","Unassigned","Unassigned","Unassigned","fun","fun_ASV_21"
"fun_ASV_210","fun","Unassigned","Unassigned","Unassigned","Unassigned","Unassigned","Unassigned","Unassigned","fun","fun_ASV_210"
"fun_ASV_211","fun","Fungi","Ascomycota","Sordariomycetes","Sordariales","Chaetomiaceae","Zopfiella","Zopfiella_marina_SH1615611.08FU","fun","fun_ASV_211"
"fun_ASV_213","fun","Unassigned","Unassigned","Unassigned","Unassigned","Unassigned","Unassigned","Unassigned","fun","fun_ASV_213"
"fun_ASV_216","fun","Viridiplantae","Chlorophyta","Chlorophyceae","Chlamydomonadales","Chlorococcaceae","Tetracystis","Tetracystis_vinatzeri_SH1205399.08FU","fun","fun_ASV_216"
"fun_ASV_217","fun","Fungi","Ascomycota","Sordariomycetes","Microascales","Microascaceae","Unassigned","Unassigned","fun","fun_ASV_217"
"fun_ASV_218","fun","Unassigned","Unassigned","Unassigned","Unassigned","Unassigned","Unassigned","Unassigned","fun","fun_ASV_218"
"fun_ASV_22","fun","Unassigned","Unassigned","Unassigned","Unassigned","Unassigned","Unassigned","Unassigned","fun","fun_ASV_22"
"fun_ASV_228","fun","Rhizaria","Cercozoa","Unassigned","Unassigned","Unassigned","Unassigned","Unassigned","fun","fun_ASV_228"
"fun_ASV_229","fun","Alveolata","Ciliophora","Spirotrichea","Urostylida","Holostichidae","Anteholosticha","Unassigned","fun","fun_ASV_229"
"fun_ASV_23","fun","Unassigned","Unassigned","Unassigned","Unassigned","Unassigned","Unassigned","Unassigned","fun","fun_ASV_23"
"fun_ASV_233","fun","Fungi","Ascomycota","Sordariomycetes","Microascales","Microascaceae","Microascus","Microascus_restrictus_SH1669692.08FU","fun","fun_ASV_233"
"fun_ASV_235","fun","Unassigned","Unassigned","Unassigned","Unassigned","Unassigned","Unassigned","Unassigned","fun","fun_ASV_235"
"fun_ASV_237","fun","Unassigned","Unassigned","Unassigned","Unassigned","Unassigned","Unassigned","Unassigned","fun","fun_ASV_237"
"fun_ASV_24","fun","Fungi","Ascomycota","Sordariomycetes","Sordariales","Chaetomiaceae","Humicola","Humicola_olivacea_SH1615600.08FU","fun","fun_ASV_24"
"fun_ASV_243","fun","Fungi","Rozellomycota","Unassigned","Unassigned","Unassigned","Unassigned","Unassigned","fun","fun_ASV_243"
"fun_ASV_244","fun","Unassigned","Unassigned","Unassigned","Unassigned","Unassigned","Unassigned","Unassigned","fun","fun_ASV_244"
"fun_ASV_246","fun","Unassigned","Unassigned","Unassigned","Unassigned","Unassigned","Unassigned","Unassigned","fun","fun_ASV_246"
"fun_ASV_249","fun","Fungi","Basidiomycota","Agaricomycetes","Sebacinales","Unassigned","Unassigned","Unassigned","fun","fun_ASV_249"
"fun_ASV_25","fun","Unassigned","Unassigned","Unassigned","Unassigned","Unassigned","Unassigned","Unassigned","fun","fun_ASV_25"
"fun_ASV_250","fun","Viridiplantae","Anthophyta","Eudicotyledonae","Rosales","Rosaceae","Pyrus","Pyrus_ussuriensis_SH1580762.08FU","fun","fun_ASV_250"
"fun_ASV_251","fun","Fungi","Unassigned","Unassigned","Unassigned","Unassigned","Unassigned","Unassigned","fun","fun_ASV_251"
"fun_ASV_255","fun","Metazoa","Nematoda","Chromadorea","Rhabditida","Cephalobidae","Acrobeloides","Unassigned","fun","fun_ASV_255"
"fun_ASV_256","fun","Fungi","Ascomycota","Sordariomycetes","Microascales","Microascaceae","Microascus","Microascus_restrictus_SH1669692.08FU","fun","fun_ASV_256"
"fun_ASV_257","fun","Fungi","Ascomycota","Sordariomycetes","Coniochaetales","Unassigned","Unassigned","Unassigned","fun","fun_ASV_257"
"fun_ASV_26","fun","Unassigned","Unassigned","Unassigned","Unassigned","Unassigned","Unassigned","Unassigned","fun","fun_ASV_26"
"fun_ASV_261","fun","Fungi","Rozellomycota","Rozellomycotina_cls_Incertae_sedis","GS08","Unassigned","Unassigned","Unassigned","fun","fun_ASV_261"
"fun_ASV_265","fun","Unassigned","Unassigned","Unassigned","Unassigned","Unassigned","Unassigned","Unassigned","fun","fun_ASV_265"
"fun_ASV_267","fun","Rhizaria","Cercozoa","Unassigned","Unassigned","Unassigned","Unassigned","Unassigned","fun","fun_ASV_267"
"fun_ASV_268","fun","Fungi","Ascomycota","Unassigned","Unassigned","Unassigned","Unassigned","Unassigned","fun","fun_ASV_268"
"fun_ASV_269","fun","Unassigned","Unassigned","Unassigned","Unassigned","Unassigned","Unassigned","Unassigned","fun","fun_ASV_269"
"fun_ASV_27","fun","Fungi","Ascomycota","Sordariomycetes","Hypocreales","Nectriaceae","Fusarium","Unassigned","fun","fun_ASV_27"
"fun_ASV_270","fun","Fungi","Basidiomycota","Agaricomycetes","Agaricales","Clavariaceae","Unassigned","Unassigned","fun","fun_ASV_270"
"fun_ASV_271","fun","Unassigned","Unassigned","Unassigned","Unassigned","Unassigned","Unassigned","Unassigned","fun","fun_ASV_271"
"fun_ASV_273","fun","Fungi","Mortierellomycota","Mortierellomycetes","Mortierellales","Mortierellaceae","Mortierella","Unassigned","fun","fun_ASV_273"
"fun_ASV_274","fun","Viridiplantae","Chlorophyta","Chlorophyceae","Sphaeropleales","Scenedesmaceae","Coelastrella","Unassigned","fun","fun_ASV_274"
"fun_ASV_275","fun","Fungi","Ascomycota","Sordariomycetes","Branch06","Unassigned","Unassigned","Unassigned","fun","fun_ASV_275"
"fun_ASV_277","fun","Unassigned","Unassigned","Unassigned","Unassigned","Unassigned","Unassigned","Unassigned","fun","fun_ASV_277"
"fun_ASV_279","fun","Unassigned","Unassigned","Unassigned","Unassigned","Unassigned","Unassigned","Unassigned","fun","fun_ASV_279"
"fun_ASV_28","fun","Unassigned","Unassigned","Unassigned","Unassigned","Unassigned","Unassigned","Unassigned","fun","fun_ASV_28"
"fun_ASV_287","fun","Fungi","Rozellomycota","Rozellomycotina_cls_Incertae_sedis","Branch02","Unassigned","Unassigned","Unassigned","fun","fun_ASV_287"
"fun_ASV_29","fun","Fungi","Ascomycota","Eurotiomycetes","Onygenales","Onygenales_fam_Incertae_sedis","Chrysosporium","Chrysosporium_pseudomerdarium_SH1557168.08FU","fun","fun_ASV_29"
"fun_ASV_290","fun","Viridiplantae","Bryophyta","Bryopsida","Pottiales","Pottiaceae","Hydrogonium","Unassigned","fun","fun_ASV_290"
"fun_ASV_294","fun","Alveolata","Ciliophora","Spirotrichea","Urostylida","Unassigned","Unassigned","Unassigned","fun","fun_ASV_294"
"fun_ASV_296","fun","Unassigned","Unassigned","Unassigned","Unassigned","Unassigned","Unassigned","Unassigned","fun","fun_ASV_296"
"fun_ASV_299","fun","Unassigned","Unassigned","Unassigned","Unassigned","Unassigned","Unassigned","Unassigned","fun","fun_ASV_299"
"fun_ASV_3","fun","Fungi","Ascomycota","Eurotiomycetes","Eurotiales","Aspergillaceae","Penicillium","Unassigned","fun","fun_ASV_3"
"fun_ASV_30","fun","Alveolata","Ciliophora","Spirotrichea","Unassigned","Unassigned","Unassigned","Unassigned","fun","fun_ASV_30"
"fun_ASV_305","fun","Alveolata","Ciliophora","Oligohymenophorea","Oligohymenophorea_ord_Incertae_sedis","Vorticellidae","Vorticella","Unassigned","fun","fun_ASV_305"
"fun_ASV_308","fun","Unassigned","Unassigned","Unassigned","Unassigned","Unassigned","Unassigned","Unassigned","fun","fun_ASV_308"
"fun_ASV_31","fun","Fungi","Ascomycota","Sordariomycetes","Hypocreales","Nectriaceae","Unassigned","Unassigned","fun","fun_ASV_31"
"fun_ASV_310","fun","Unassigned","Unassigned","Unassigned","Unassigned","Unassigned","Unassigned","Unassigned","fun","fun_ASV_310"
"fun_ASV_311","fun","Fungi","Ascomycota","Sordariomycetes","Microascales","Microascaceae","Unassigned","Unassigned","fun","fun_ASV_311"
"fun_ASV_315","fun","Metazoa","Nematoda","Chromadorea","Rhabditida","Cephalobidae","Unassigned","Unassigned","fun","fun_ASV_315"
"fun_ASV_316","fun","Fungi","Ascomycota","Dothideomycetes","Capnodiales","Cladosporiaceae","Unassigned","Unassigned","fun","fun_ASV_316"
"fun_ASV_32","fun","Viridiplantae","Anthophyta","Eudicotyledonae","Solanales","Solanaceae","Unassigned","Unassigned","fun","fun_ASV_32"
"fun_ASV_324","fun","Unassigned","Unassigned","Unassigned","Unassigned","Unassigned","Unassigned","Unassigned","fun","fun_ASV_324"
"fun_ASV_328","fun","Fungi","Unassigned","Unassigned","Unassigned","Unassigned","Unassigned","Unassigned","fun","fun_ASV_328"
"fun_ASV_33","fun","Viridiplantae","Anthophyta","Eudicotyledonae","Rosales","Rosaceae","Pyrus","Unassigned","fun","fun_ASV_33"
"fun_ASV_334","fun","Unassigned","Unassigned","Unassigned","Unassigned","Unassigned","Unassigned","Unassigned","fun","fun_ASV_334"
"fun_ASV_34","fun","Viridiplantae","Anthophyta","Eudicotyledonae","Rosales","Rosaceae","Pyrus","Pyrus_ussuriensis_SH1580762.08FU","fun","fun_ASV_34"
"fun_ASV_35","fun","Unassigned","Unassigned","Unassigned","Unassigned","Unassigned","Unassigned","Unassigned","fun","fun_ASV_35"
"fun_ASV_357","fun","Alveolata","Ciliophora","Spirotrichea","Unassigned","Unassigned","Unassigned","Unassigned","fun","fun_ASV_357"
"fun_ASV_359","fun","Viridiplantae","Bryophyta","Bryopsida","Bryales","Bryaceae","Bryum","Bryum_argenteum_SH1623898.08FU","fun","fun_ASV_359"
"fun_ASV_36","fun","Fungi","Ascomycota","Eurotiomycetes","Unassigned","Unassigned","Unassigned","Unassigned","fun","fun_ASV_36"
"fun_ASV_360","fun","Alveolata","Ciliophora","Unassigned","Unassigned","Unassigned","Unassigned","Unassigned","fun","fun_ASV_360"
"fun_ASV_367","fun","Unassigned","Unassigned","Unassigned","Unassigned","Unassigned","Unassigned","Unassigned","fun","fun_ASV_367"
"fun_ASV_37","fun","Fungi","Unassigned","Unassigned","Unassigned","Unassigned","Unassigned","Unassigned","fun","fun_ASV_37"
"fun_ASV_38","fun","Fungi","Basidiomycota","Agaricomycetes","Agaricales","Bolbitiaceae","Conocybe","Unassigned","fun","fun_ASV_38"
"fun_ASV_39","fun","Viridiplantae","Anthophyta","Eudicotyledonae","Rosales","Rosaceae","Pyrus","Unassigned","fun","fun_ASV_39"
"fun_ASV_393","fun","Unassigned","Unassigned","Unassigned","Unassigned","Unassigned","Unassigned","Unassigned","fun","fun_ASV_393"
"fun_ASV_4","fun","Fungi","Ascomycota","Sordariomycetes","Hypocreales","Nectriaceae","Fusarium","Fusarium_oxysporum_SH1190764.08FU","fun","fun_ASV_4"
"fun_ASV_41","fun","Alveolata","Ciliophora","Spirotrichea","Sporadotrichida","Unassigned","Unassigned","Unassigned","fun","fun_ASV_41"
"fun_ASV_413","fun","Fungi","Unassigned","Unassigned","Unassigned","Unassigned","Unassigned","Unassigned","fun","fun_ASV_413"
"fun_ASV_418","fun","Alveolata","Ciliophora","Spirotrichea","Urostylida","Unassigned","Unassigned","Unassigned","fun","fun_ASV_418"
"fun_ASV_42","fun","Metazoa","Nematoda","Chromadorea","Rhabditida","Telotylenchidae","Tylenchorhynchus","Unassigned","fun","fun_ASV_42"
"fun_ASV_43","fun","Unassigned","Unassigned","Unassigned","Unassigned","Unassigned","Unassigned","Unassigned","fun","fun_ASV_43"
"fun_ASV_431","fun","Fungi","Ascomycota","Sordariomycetes","Sordariales","Chaetomiaceae","Unassigned","Unassigned","fun","fun_ASV_431"
"fun_ASV_433","fun","Fungi","Ascomycota","Sordariomycetes","Hypocreales","Nectriaceae","Gliocladiopsis","Unassigned","fun","fun_ASV_433"
"fun_ASV_44","fun","Viridiplantae","Chlorophyta","Unassigned","Unassigned","Unassigned","Chlamydomonas","Unassigned","fun","fun_ASV_44"
"fun_ASV_45","fun","Fungi","Mortierellomycota","Mortierellomycetes","Mortierellales","Mortierellaceae","Mortierella","Mortierella_elongata_SH1557020.08FU","fun","fun_ASV_45"
"fun_ASV_46","fun","Fungi","Ascomycota","Leotiomycetes","Thelebolales","Pseudeurotiaceae","Pseudogymnoascus","Unassigned","fun","fun_ASV_46"
"fun_ASV_47","fun","Metazoa","Arthropoda","Collembola","Unassigned","Bourletiellidae","Bourletiella","Unassigned","fun","fun_ASV_47"
"fun_ASV_48","fun","Fungi","Unassigned","Unassigned","Unassigned","Unassigned","Unassigned","Unassigned","fun","fun_ASV_48"
"fun_ASV_5","fun","Fungi","Mortierellomycota","Mortierellomycetes","Mortierellales","Mortierellaceae","Mortierella","Unassigned","fun","fun_ASV_5"
"fun_ASV_50","fun","Unassigned","Unassigned","Unassigned","Unassigned","Unassigned","Unassigned","Unassigned","fun","fun_ASV_50"
"fun_ASV_51","fun","Fungi","Ascomycota","Unassigned","Unassigned","Unassigned","Unassigned","Unassigned","fun","fun_ASV_51"
"fun_ASV_52","fun","Fungi","Ascomycota","Unassigned","Unassigned","Unassigned","Unassigned","Unassigned","fun","fun_ASV_52"
"fun_ASV_520","fun","Fungi","Mortierellomycota","Mortierellomycetes","Mortierellales","Mortierellaceae","Mortierella","Unassigned","fun","fun_ASV_520"
"fun_ASV_53","fun","Fungi","Basidiomycota","Agaricomycetes","Sebacinales","Unassigned","Unassigned","Unassigned","fun","fun_ASV_53"
"fun_ASV_54","fun","Alveolata","Ciliophora","Spirotrichea","Sporadotrichida","Oxytrichidae","Cyrtohymena","Unassigned","fun","fun_ASV_54"
"fun_ASV_56","fun","Viridiplantae","Anthophyta","Eudicotyledonae","Rosales","Rosaceae","Unassigned","Unassigned","fun","fun_ASV_56"
"fun_ASV_57","fun","Fungi","Chytridiomycota","Rhizophydiomycetes","Rhizophydiales","Terramycetaceae","Boothiomyces","Boothiomyces_macroporosum_SH1511112.08FU","fun","fun_ASV_57"
"fun_ASV_576","fun","unidentified","Unassigned","Unassigned","Unassigned","Unassigned","Unassigned","Unassigned","fun","fun_ASV_576"
"fun_ASV_58","fun","Unassigned","Unassigned","Unassigned","Unassigned","Unassigned","Unassigned","Unassigned","fun","fun_ASV_58"
"fun_ASV_59","fun","Fungi","Basidiomycota","Agaricomycetes","Auriculariales","Unassigned","Unassigned","Unassigned","fun","fun_ASV_59"
"fun_ASV_6","fun","Viridiplantae","Anthophyta","Eudicotyledonae","Rosales","Rosaceae","Pyrus","Pyrus_ussuriensis_SH1580762.08FU","fun","fun_ASV_6"
"fun_ASV_61","fun","Fungi","Rozellomycota","Rozellomycotina_cls_Incertae_sedis","GS07","Unassigned","Unassigned","Unassigned","fun","fun_ASV_61"
"fun_ASV_63","fun","Alveolata","Ciliophora","Spirotrichea","Sporadotrichida","Oxytrichidae","Unassigned","Unassigned","fun","fun_ASV_63"
"fun_ASV_66","fun","Fungi","Ascomycota","Sordariomycetes","Unassigned","Unassigned","Unassigned","Unassigned","fun","fun_ASV_66"
"fun_ASV_67","fun","Viridiplantae","Anthophyta","Eudicotyledonae","Rosales","Rosaceae","Pyrus","Unassigned","fun","fun_ASV_67"
"fun_ASV_68","fun","Viridiplantae","Anthophyta","Eudicotyledonae","Rosales","Rosaceae","Pyrus","Unassigned","fun","fun_ASV_68"
"fun_ASV_69","fun","Alveolata","Ciliophora","Spirotrichea","Urostylida","Holostichidae","Anteholosticha","Unassigned","fun","fun_ASV_69"
"fun_ASV_7","fun","Viridiplantae","Anthophyta","Eudicotyledonae","Rosales","Rosaceae","Pyrus","Pyrus_ussuriensis_SH1580762.08FU","fun","fun_ASV_7"
"fun_ASV_70","fun","Viridiplantae","Anthophyta","Eudicotyledonae","Rosales","Rosaceae","Pyrus","Pyrus_ussuriensis_SH1580762.08FU","fun","fun_ASV_70"
"fun_ASV_71","fun","Alveolata","Ciliophora","Oligohymenophorea","Oligohymenophorea_ord_Incertae_sedis","Vorticellidae","Vorticella","Unassigned","fun","fun_ASV_71"
"fun_ASV_72","fun","Unassigned","Unassigned","Unassigned","Unassigned","Unassigned","Unassigned","Unassigned","fun","fun_ASV_72"
"fun_ASV_74","fun","Fungi","Basidiomycota","Geminibasidiomycetes","Geminibasidiales","Geminibasidiaceae","Geminibasidium","Unassigned","fun","fun_ASV_74"
"fun_ASV_76","fun","Rhizaria","Cercozoa","Unassigned","Unassigned","Unassigned","Unassigned","Unassigned","fun","fun_ASV_76"
"fun_ASV_77","fun","Fungi","Basidiomycota","Tremellomycetes","Tremellales","Trimorphomycetaceae","Saitozyma","Saitozyma_podzolica_SH1565595.08FU","fun","fun_ASV_77"
"fun_ASV_78","fun","Fungi","Ascomycota","Orbiliomycetes","Orbiliales","Orbiliaceae","Unassigned","Unassigned","fun","fun_ASV_78"
"fun_ASV_79","fun","Fungi","Ascomycota","Sordariomycetes","Hypocreales","Unassigned","Unassigned","Unassigned","fun","fun_ASV_79"
"fun_ASV_8","fun","Viridiplantae","Anthophyta","Eudicotyledonae","Rosales","Rosaceae","Pyrus","Pyrus_ussuriensis_SH1580762.08FU","fun","fun_ASV_8"
"fun_ASV_80","fun","Fungi","Ascomycota","Dothideomycetes","Unassigned","Unassigned","Unassigned","Unassigned","fun","fun_ASV_80"
"fun_ASV_84","fun","Alveolata","Unassigned","Unassigned","Unassigned","Unassigned","Unassigned","Unassigned","fun","fun_ASV_84"
"fun_ASV_85","fun","Rhizaria","Cercozoa","Unassigned","Unassigned","Unassigned","Unassigned","Unassigned","fun","fun_ASV_85"
"fun_ASV_86","fun","Alveolata","Unassigned","Unassigned","Unassigned","Unassigned","Unassigned","Unassigned","fun","fun_ASV_86"
"fun_ASV_89","fun","Fungi","Ascomycota","Pezizomycetes","Pezizales","Ascobolaceae","Ascobolus","Unassigned","fun","fun_ASV_89"
"fun_ASV_9","fun","Unassigned","Unassigned","Unassigned","Unassigned","Unassigned","Unassigned","Unassigned","fun","fun_ASV_9"
"fun_ASV_91","fun","Fungi","Basidiomycota","Agaricomycetes","Unassigned","Unassigned","Unassigned","Unassigned","fun","fun_ASV_91"
"fun_ASV_93","fun","Unassigned","Unassigned","Unassigned","Unassigned","Unassigned","Unassigned","Unassigned","fun","fun_ASV_93"
"fun_ASV_95","fun","Viridiplantae","Anthophyta","Eudicotyledonae","Rosales","Rosaceae","Pyrus","Pyrus_ussuriensis_SH1580762.08FU","fun","fun_ASV_95"
"fun_ASV_98","fun","Fungi","Ascomycota","Sordariomycetes","Sordariales","Chaetomiaceae","Unassigned","Unassigned","fun","fun_ASV_98"
"fun_ASV_99","fun","Unassigned","Unassigned","Unassigned","Unassigned","Unassigned","Unassigned","Unassigned","fun","fun_ASV_99"
"Height",NA,NA,NA,NA,NA,NA,NA,NA,"env","Height"
"LA",NA,NA,NA,NA,NA,NA,NA,NA,"env","LA"
"LB",NA,NA,NA,NA,NA,NA,NA,NA,"env","LB"
"LRD1",NA,NA,NA,NA,NA,NA,NA,NA,"env","LRD1"
"LRD2",NA,NA,NA,NA,NA,NA,NA,NA,"env","LRD2"
"LRD3",NA,NA,NA,NA,NA,NA,NA,NA,"env","LRD3"
"LRL1",NA,NA,NA,NA,NA,NA,NA,NA,"env","LRL1"
"LRL2",NA,NA,NA,NA,NA,NA,NA,NA,"env","LRL2"
"LRL3",NA,NA,NA,NA,NA,NA,NA,NA,"env","LRL3"
"LRN1",NA,NA,NA,NA,NA,NA,NA,NA,"env","LRN1"
"LRN2",NA,NA,NA,NA,NA,NA,NA,NA,"env","LRN2"
"LRN3",NA,NA,NA,NA,NA,NA,NA,NA,"env","LRN3"
"LRW1",NA,NA,NA,NA,NA,NA,NA,NA,"env","LRW1"
"LRW2",NA,NA,NA,NA,NA,NA,NA,NA,"env","LRW2"
"LRW3",NA,NA,NA,NA,NA,NA,NA,NA,"env","LRW3"
"MaxO",NA,NA,NA,NA,NA,NA,NA,NA,"env","MaxO"
"MID",NA,NA,NA,NA,NA,NA,NA,NA,"env","MID"
"NH4.N",NA,NA,NA,NA,NA,NA,NA,NA,"env","NH4.N"
"NO3.N",NA,NA,NA,NA,NA,NA,NA,NA,"env","NO3.N"
"pH",NA,NA,NA,NA,NA,NA,NA,NA,"env","pH"
"R.S",NA,NA,NA,NA,NA,NA,NA,NA,"env","R.S"
"RB",NA,NA,NA,NA,NA,NA,NA,NA,"env","RB"
"RGR",NA,NA,NA,NA,NA,NA,NA,NA,"env","RGR"
"SB",NA,NA,NA,NA,NA,NA,NA,NA,"env","SB"
"SOC",NA,NA,NA,NA,NA,NA,NA,NA,"env","SOC"
"TG",NA,NA,NA,NA,NA,NA,NA,NA,"env","TG"
"TLRL",NA,NA,NA,NA,NA,NA,NA,NA,"env","TLRL"
"TLRN",NA,NA,NA,NA,NA,NA,NA,NA,"env","TLRN"
"TN",NA,NA,NA,NA,NA,NA,NA,NA,"env","TN"
